,mof,conc,p,ad,q,std,heat,status
0,GACQAE_clean_min_charges,0_0.03,1,ethene,3.12308e-05,2.7933e-06,-19.83316,finished
1,GACQAE_clean_min_charges,0_0.03,10,ethene,0.0002907724,1.25364e-05,-19.64583,finished
2,GACQAE_clean_min_charges,0_0.03,100,ethene,0.0029569663,3.90155e-05,-19.66533,finished
3,GACQAE_clean_min_charges,0_0.03,1000,ethene,0.0295329409,0.000123614,-19.67131,finished
4,GACQAE_clean_min_charges,0_0.03,5000,ethene,0.1479513261,0.000532555,-19.65708,finished
5,GACQAE_clean_min_charges,0_0.03,10000,ethene,0.2944241885,0.0010682225,-19.6901,finished
6,GACQAE_clean_min_charges,0_0.03,25000,ethene,0.7124603514,0.0033308421,-19.69852,finished
7,GACQAE_clean_min_charges,0_0.03,50000,ethene,1.4064212392,0.0057445302,-19.86546,finished
8,GACQAE_clean_min_charges,0_0.03,66700,ethene,1.8577204515,0.0084554897,-20.04232,finished
9,GACQAE_clean_min_charges,0_0.03,75000,ethene,2.0762758195,0.0056252982,-20.15961,finished
10,GACQAE_clean_min_charges,0_0.03,100000,ethene,2.6939160241,0.0080067435,-20.38407,finished
11,GACQAE_clean_min_charges,0_0.03,250000,ethene,5.1710426724,0.0,,run
12,GACQAE_clean_min_charges,0_0.03,500000,ethene,6.8418040655,0.0,,run
13,GACQAE_clean_min_charges,0_0.03,750000,ethene,7.5582925202,0.0,,run
14,GACQAE_clean_min_charges,0_0.03,1000000,ethene,7.9328971289,0.0,,run
15,GACQAE_clean_min_charges,0_0.03,1,ethane,7.31453e-05,1.28828e-05,-22.99852,finished
16,GACQAE_clean_min_charges,0_0.03,10,ethane,0.0007392312,1.2993e-05,-23.10632,finished
17,GACQAE_clean_min_charges,0_0.03,100,ethane,0.0075046824,6.00587e-05,-23.03484,finished
18,GACQAE_clean_min_charges,0_0.03,1000,ethane,0.0752516168,0.0005139895,-23.04298,finished
19,GACQAE_clean_min_charges,0_0.03,5000,ethane,0.3788087284,0.0025852503,-23.02067,finished
20,GACQAE_clean_min_charges,0_0.03,10000,ethane,0.7432051435,0.0032589242,-23.05822,finished
21,GACQAE_clean_min_charges,0_0.03,25000,ethane,1.9227356042,0.0049491044,-23.62519,finished
22,GACQAE_clean_min_charges,0_0.03,50000,ethane,3.6876137439,0.0160408922,-24.94147,finished
23,GACQAE_clean_min_charges,0_0.03,66700,ethane,4.5312370603,0.0,,run
24,GACQAE_clean_min_charges,0_0.03,75000,ethane,4.8666197093,0.0,,run
25,GACQAE_clean_min_charges,0_0.03,100000,ethane,5.6170859799,0.0,,run
26,GACQAE_clean_min_charges,0_0.03,250000,ethane,7.3814323174,0.0,,run
27,GACQAE_clean_min_charges,0_0.03,500000,ethane,8.2296014373,0.0,,run
28,GACQAE_clean_min_charges,0_0.03,750000,ethane,8.5701799995,0.0,,run
29,GACQAE_clean_min_charges,0_0.03,1000000,ethane,9.0273,0.0,,init
30,GACQAE_clean_min_charges,0_0.06,1,ethene,3.60212e-05,2.4945e-06,-29.93521,finished
31,GACQAE_clean_min_charges,0_0.06,10,ethene,0.0003572867,6.0109e-06,-29.93333,finished
32,GACQAE_clean_min_charges,0_0.06,100,ethene,0.0035419517,4.20534e-05,-29.99187,finished
33,GACQAE_clean_min_charges,0_0.06,1000,ethene,0.0339489768,0.0006317535,-30.02925,finished
34,GACQAE_clean_min_charges,0_0.06,5000,ethene,0.1411791342,0.0006321602,-30.17464,finished
35,GACQAE_clean_min_charges,0_0.06,10000,ethene,0.2386855415,0.0025234868,-30.31166,finished
36,GACQAE_clean_min_charges,0_0.06,25000,ethene,0.4362946695,0.002335839,-30.49219,finished
37,GACQAE_clean_min_charges,0_0.06,50000,ethene,0.6495599637,0.004350435,-30.63808,finished
38,GACQAE_clean_min_charges,0_0.06,66700,ethene,0.7698827918,0.0051356021,-30.55389,finished
39,GACQAE_clean_min_charges,0_0.06,75000,ethene,0.8187733247,0.0071985877,-30.55676,finished
40,GACQAE_clean_min_charges,0_0.06,100000,ethene,0.9387175198,0.0051627453,-30.45097,finished
41,GACQAE_clean_min_charges,0_0.06,250000,ethene,1.3453808262,0.0046260694,-30.36764,finished
42,GACQAE_clean_min_charges,0_0.06,500000,ethene,1.5930884596,0.004684727,-29.9413,finished
43,GACQAE_clean_min_charges,0_0.06,750000,ethene,1.7020036308,0.0047015104,-29.6459,finished
44,GACQAE_clean_min_charges,0_0.06,1000000,ethene,1.758073746,0.0023159349,-29.50451,finished
45,GACQAE_clean_min_charges,0_0.06,1,ethane,0.0001324794,6.319e-06,-34.84874,finished
46,GACQAE_clean_min_charges,0_0.06,10,ethane,0.0013095108,1.89899e-05,-34.85249,finished
47,GACQAE_clean_min_charges,0_0.06,100,ethane,0.0126480128,0.0002407142,-34.83672,finished
48,GACQAE_clean_min_charges,0_0.06,1000,ethane,0.1006373558,0.0020347224,-34.82496,finished
49,GACQAE_clean_min_charges,0_0.06,5000,ethane,0.2874898466,0.0019749746,-34.98472,finished
50,GACQAE_clean_min_charges,0_0.06,10000,ethane,0.4075825862,0.0058735011,-34.95385,finished
51,GACQAE_clean_min_charges,0_0.06,25000,ethane,0.6492844245,0.0074545383,-34.89924,finished
52,GACQAE_clean_min_charges,0_0.06,50000,ethane,0.924119033,0.0152378455,-34.88769,finished
53,GACQAE_clean_min_charges,0_0.06,66700,ethane,1.0480765753,0.0079767916,-34.91896,finished
54,GACQAE_clean_min_charges,0_0.06,75000,ethane,1.0986429504,0.0055182926,-34.7891,finished
55,GACQAE_clean_min_charges,0_0.06,100000,ethane,1.2312978791,0.0125270832,-34.69616,finished
56,GACQAE_clean_min_charges,0_0.06,250000,ethane,1.5796611275,0.0140467594,-34.15302,finished
57,GACQAE_clean_min_charges,0_0.06,500000,ethane,1.7563910874,0.0065546072,-33.92697,finished
58,GACQAE_clean_min_charges,0_0.06,750000,ethane,1.8258189449,0.0067871911,-33.05497,finished
59,GACQAE_clean_min_charges,0_0.06,1000000,ethane,1.8562726261,0.0026110338,-33.28618,finished
60,GULPIN_clean_min_charges,0_0.02,1,ethene,3.66953e-05,8.7396e-06,-27.17454,finished
61,GULPIN_clean_min_charges,0_0.02,10,ethene,0.0003578548,1.63788e-05,-27.1411,finished
62,GULPIN_clean_min_charges,0_0.02,100,ethene,0.0034621414,7.13542e-05,-27.17223,finished
63,GULPIN_clean_min_charges,0_0.02,1000,ethene,0.0340649842,0.0005285397,-27.1698,finished
64,GULPIN_clean_min_charges,0_0.02,5000,ethene,0.1554546952,0.0008511101,-27.28976,finished
65,GULPIN_clean_min_charges,0_0.02,10000,ethene,0.2849005635,0.0016323289,-27.36725,finished
66,GULPIN_clean_min_charges,0_0.02,25000,ethene,0.5536825838,0.0036811968,-27.54612,finished
67,GULPIN_clean_min_charges,0_0.02,50000,ethene,0.8049792742,0.0086180501,-27.71601,finished
68,GULPIN_clean_min_charges,0_0.02,66700,ethene,0.9081299746,0.0043415667,-27.69725,finished
69,GULPIN_clean_min_charges,0_0.02,75000,ethene,0.9487601162,0.0037006379,-27.67082,finished
70,GULPIN_clean_min_charges,0_0.02,100000,ethene,1.0426465495,0.004999777,-27.7492,finished
71,GULPIN_clean_min_charges,0_0.02,250000,ethene,1.3255573275,0.0042379208,-27.61291,finished
72,GULPIN_clean_min_charges,0_0.02,500000,ethene,1.5020285796,0.0033774391,-27.14656,finished
73,GULPIN_clean_min_charges,0_0.02,750000,ethene,1.5908708174,0.0049986795,-26.76375,finished
74,GULPIN_clean_min_charges,0_0.02,1000000,ethene,1.6476517453,0.0094509815,-26.60869,finished
75,GULPIN_clean_min_charges,0_0.02,1,ethane,0.0001024496,9.4748e-06,-31.04211,finished
76,GULPIN_clean_min_charges,0_0.02,10,ethane,0.0009966374,4.51585e-05,-31.04647,finished
77,GULPIN_clean_min_charges,0_0.02,100,ethane,0.00993889,0.0001652202,-30.9925,finished
78,GULPIN_clean_min_charges,0_0.02,1000,ethane,0.0952253631,0.0007617958,-31.14111,finished
79,GULPIN_clean_min_charges,0_0.02,5000,ethane,0.3770331109,0.003081261,-31.66887,finished
80,GULPIN_clean_min_charges,0_0.02,10000,ethane,0.6005350071,0.0084137062,-31.7994,finished
81,GULPIN_clean_min_charges,0_0.02,25000,ethane,0.8981195511,0.0082452463,-31.95545,finished
82,GULPIN_clean_min_charges,0_0.02,50000,ethane,1.0847517217,0.0036364243,-32.01182,finished
83,GULPIN_clean_min_charges,0_0.02,66700,ethane,1.1503518224,0.0073270852,-31.8652,finished
84,GULPIN_clean_min_charges,0_0.02,75000,ethane,1.1809635526,0.0097893419,-31.71252,finished
85,GULPIN_clean_min_charges,0_0.02,100000,ethane,1.2373323936,0.0038058867,-31.53189,finished
86,GULPIN_clean_min_charges,0_0.02,250000,ethane,1.409674072,0.0042560011,-30.78706,finished
87,GULPIN_clean_min_charges,0_0.02,500000,ethane,1.5226988506,0.0109312747,-30.0827,finished
88,GULPIN_clean_min_charges,0_0.02,750000,ethane,1.5763457096,0.0068066573,-29.72175,finished
89,GULPIN_clean_min_charges,0_0.02,1000000,ethane,1.6220817839,0.010137454,-29.6009,finished
90,GULPIN_clean_min_charges,0_0.16,1,ethene,-1.36e-08,0.0,,finished
91,GULPIN_clean_min_charges,0_0.16,10,ethene,-1.359e-07,0.0,,finished
92,GULPIN_clean_min_charges,0_0.16,100,ethene,-6.014e-07,4.703e-07,-17.79477,finished
93,GULPIN_clean_min_charges,0_0.16,1000,ethene,-7.7568e-06,7.132e-07,-17.36894,finished
94,GULPIN_clean_min_charges,0_0.16,5000,ethene,-3.77408e-05,4.3278e-06,-17.6935,finished
95,GULPIN_clean_min_charges,0_0.16,10000,ethene,-7.36316e-05,3.1299e-06,-17.49372,finished
96,GULPIN_clean_min_charges,0_0.16,25000,ethene,-0.000185053,1.62676e-05,-17.66908,finished
97,GULPIN_clean_min_charges,0_0.16,50000,ethene,-0.0003714373,4.07548e-05,-17.53247,finished
98,GULPIN_clean_min_charges,0_0.16,66700,ethene,-0.0004918433,4.29288e-05,-17.45611,finished
99,GULPIN_clean_min_charges,0_0.16,75000,ethene,-0.0005611301,4.06238e-05,-17.39108,finished
100,GULPIN_clean_min_charges,0_0.16,100000,ethene,-0.0007483057,4.43592e-05,-17.47897,finished
101,GULPIN_clean_min_charges,0_0.16,250000,ethene,-0.0019452968,0.000107894,-17.54445,finished
102,GULPIN_clean_min_charges,0_0.16,500000,ethene,-0.0040163893,0.0002412896,-17.51494,finished
103,GULPIN_clean_min_charges,0_0.16,750000,ethene,-0.0062331323,0.0003386329,-17.46804,finished
104,GULPIN_clean_min_charges,0_0.16,1000000,ethene,-0.0087579457,0.0003613428,-17.50775,finished
105,GULPIN_clean_min_charges,0_0.16,1,ethane,-1.35e-08,0.0,,finished
106,GULPIN_clean_min_charges,0_0.16,10,ethane,-1.352e-07,0.0,,finished
107,GULPIN_clean_min_charges,0_0.16,100,ethane,-1.3523e-06,0.0,,finished
108,GULPIN_clean_min_charges,0_0.16,1000,ethane,-1.35237e-05,0.0,,finished
109,GULPIN_clean_min_charges,0_0.16,5000,ethane,-6.69592e-05,7.727e-07,,finished
110,GULPIN_clean_min_charges,0_0.16,10000,ethane,-0.0001344295,8.543e-07,,finished
111,GULPIN_clean_min_charges,0_0.16,25000,ethane,-0.0003371803,9.045e-07,-10.16029,finished
112,GULPIN_clean_min_charges,0_0.16,50000,ethane,-0.0006764658,1.4341e-06,-9.47647,finished
113,GULPIN_clean_min_charges,0_0.16,66700,ethane,-0.000903682,2.1906e-06,-10.0127,finished
114,GULPIN_clean_min_charges,0_0.16,75000,ethane,-0.0010168093,2.6808e-06,-10.03349,finished
115,GULPIN_clean_min_charges,0_0.16,100000,ethane,-0.001358073,3.7087e-06,-9.74641,finished
116,GULPIN_clean_min_charges,0_0.16,250000,ethane,-0.0034392563,4.5301e-06,-9.15344,finished
117,GULPIN_clean_min_charges,0_0.16,500000,ethane,-0.007033494,6.3788e-06,-8.93205,finished
118,GULPIN_clean_min_charges,0_0.16,750000,ethane,-0.0107948278,1.65392e-05,-8.07608,finished
119,GULPIN_clean_min_charges,0_0.16,1000000,ethane,-0.01475825,1.20929e-05,-8.57051,finished
120,GULPIN_clean_min_charges,0_0.05,1,ethene,2.02538e-05,3.3968e-06,-26.88915,finished
121,GULPIN_clean_min_charges,0_0.05,10,ethene,0.0002083693,1.25469e-05,-26.90043,finished
122,GULPIN_clean_min_charges,0_0.05,100,ethene,0.0020190588,2.85317e-05,-27.01141,finished
123,GULPIN_clean_min_charges,0_0.05,1000,ethene,0.0196441612,0.0002806589,-27.0,finished
124,GULPIN_clean_min_charges,0_0.05,5000,ethene,0.0869873643,0.0012557321,-27.07382,finished
125,GULPIN_clean_min_charges,0_0.05,10000,ethene,0.1542963932,0.0016085086,-27.19081,finished
126,GULPIN_clean_min_charges,0_0.05,25000,ethene,0.2992236152,0.0034580221,-27.36495,finished
127,GULPIN_clean_min_charges,0_0.05,50000,ethene,0.4561300923,0.0051744163,-27.49982,finished
128,GULPIN_clean_min_charges,0_0.05,66700,ethene,0.538787807,0.0019101721,-27.61974,finished
129,GULPIN_clean_min_charges,0_0.05,75000,ethene,0.5690210805,0.0044856472,-27.66568,finished
130,GULPIN_clean_min_charges,0_0.05,100000,ethene,0.6521208549,0.0057475729,-27.68456,finished
131,GULPIN_clean_min_charges,0_0.05,250000,ethene,0.9416790666,0.0087962662,-28.10139,finished
132,GULPIN_clean_min_charges,0_0.05,500000,ethene,1.1291092259,0.0034712928,-28.05735,finished
133,GULPIN_clean_min_charges,0_0.05,750000,ethene,1.216245031,0.0074799266,-28.14405,finished
134,GULPIN_clean_min_charges,0_0.05,1000000,ethene,1.2503629119,0.0077591699,-27.88167,finished
135,GULPIN_clean_min_charges,0_0.05,1,ethane,6.75872e-05,6.6693e-06,-31.41633,finished
136,GULPIN_clean_min_charges,0_0.05,10,ethane,0.000695505,2.18513e-05,-31.22913,finished
137,GULPIN_clean_min_charges,0_0.05,100,ethane,0.0068840986,8.34897e-05,-31.20791,finished
138,GULPIN_clean_min_charges,0_0.05,1000,ethane,0.0595074639,0.0003846029,-31.22905,finished
139,GULPIN_clean_min_charges,0_0.05,5000,ethane,0.1969003597,0.0029768653,-31.18551,finished
140,GULPIN_clean_min_charges,0_0.05,10000,ethane,0.2905419054,0.0018768489,-31.16721,finished
141,GULPIN_clean_min_charges,0_0.05,25000,ethane,0.4611457381,0.0039775384,-31.29554,finished
142,GULPIN_clean_min_charges,0_0.05,50000,ethane,0.6243212653,0.0062670241,-31.24023,finished
143,GULPIN_clean_min_charges,0_0.05,66700,ethane,0.6997071064,0.0070524594,-31.31659,finished
144,GULPIN_clean_min_charges,0_0.05,75000,ethane,0.7310763685,0.0128316827,-31.25055,finished
145,GULPIN_clean_min_charges,0_0.05,100000,ethane,0.8189153421,0.0101122971,-31.25413,finished
146,GULPIN_clean_min_charges,0_0.05,250000,ethane,1.0738647418,0.0118549806,-31.28242,finished
147,GULPIN_clean_min_charges,0_0.05,500000,ethane,1.2255034068,0.0146371313,-31.89968,finished
148,GULPIN_clean_min_charges,0_0.05,750000,ethane,1.2936852199,0.0114911262,-31.77729,finished
149,GULPIN_clean_min_charges,0_0.05,1000000,ethane,1.3142727496,0.0071672654,-31.58599,finished
150,GULPIN_clean_min_charges,0_0.04,1,ethene,3.31548e-05,8.064e-06,-27.79418,finished
151,GULPIN_clean_min_charges,0_0.04,10,ethene,0.0003427175,1.80491e-05,-27.48802,finished
152,GULPIN_clean_min_charges,0_0.04,100,ethene,0.0033733313,9.62663e-05,-27.40081,finished
153,GULPIN_clean_min_charges,0_0.04,1000,ethene,0.0330569721,0.0004402827,-27.4589,finished
154,GULPIN_clean_min_charges,0_0.04,5000,ethene,0.1493919371,0.0017360911,-27.63803,finished
155,GULPIN_clean_min_charges,0_0.04,10000,ethene,0.2650411463,0.0016666201,-27.79443,finished
156,GULPIN_clean_min_charges,0_0.04,25000,ethene,0.5043708911,0.0065166642,-28.12652,finished
157,GULPIN_clean_min_charges,0_0.04,50000,ethene,0.726412502,0.0081194197,-28.21541,finished
158,GULPIN_clean_min_charges,0_0.04,66700,ethene,0.8197986897,0.0050978851,-28.31329,finished
159,GULPIN_clean_min_charges,0_0.04,75000,ethene,0.8606840513,0.004108199,-28.39258,finished
160,GULPIN_clean_min_charges,0_0.04,100000,ethene,0.9419584818,0.0051963648,-28.34492,finished
161,GULPIN_clean_min_charges,0_0.04,250000,ethene,1.167365383,0.0042339575,-27.9618,finished
162,GULPIN_clean_min_charges,0_0.04,500000,ethene,1.2774017161,0.0101856963,-27.59385,finished
163,GULPIN_clean_min_charges,0_0.04,750000,ethene,1.3186784584,0.0060616457,-27.21431,finished
164,GULPIN_clean_min_charges,0_0.04,1000000,ethene,1.3331520817,0.0044624062,-26.44561,finished
165,GULPIN_clean_min_charges,0_0.04,1,ethane,0.0001043256,1.04686e-05,-31.21894,finished
166,GULPIN_clean_min_charges,0_0.04,10,ethane,0.0011092719,6.81654e-05,-31.41213,finished
167,GULPIN_clean_min_charges,0_0.04,100,ethane,0.0110100926,0.0002632201,-31.44545,finished
168,GULPIN_clean_min_charges,0_0.04,1000,ethane,0.1018356667,0.0019338685,-31.72127,finished
169,GULPIN_clean_min_charges,0_0.04,5000,ethane,0.3661008815,0.0030326098,-32.40177,finished
170,GULPIN_clean_min_charges,0_0.04,10000,ethane,0.551754074,0.004223464,-32.67753,finished
171,GULPIN_clean_min_charges,0_0.04,25000,ethane,0.8256559912,0.0016757647,-32.84781,finished
172,GULPIN_clean_min_charges,0_0.04,50000,ethane,1.0181283653,0.0094451799,-32.98859,finished
173,GULPIN_clean_min_charges,0_0.04,66700,ethane,1.078556859,0.007110573,-32.92123,finished
174,GULPIN_clean_min_charges,0_0.04,75000,ethane,1.1100869005,0.0117241188,-32.80227,finished
175,GULPIN_clean_min_charges,0_0.04,100000,ethane,1.1616759382,0.0054979964,-32.66945,finished
176,GULPIN_clean_min_charges,0_0.04,250000,ethane,1.2915302696,0.0072987948,-32.20501,finished
177,GULPIN_clean_min_charges,0_0.04,500000,ethane,1.3339523882,0.0050965082,-31.4375,finished
178,GULPIN_clean_min_charges,0_0.04,750000,ethane,1.3394527994,0.0031187882,-30.99572,finished
179,GULPIN_clean_min_charges,0_0.04,1000000,ethane,1.3398832177,0.0052763003,-30.04464,finished
180,GULPIN_clean_min_charges,0_0.08,1,ethene,,,,Nosubmission
181,GULPIN_clean_min_charges,0_0.08,10,ethene,,,,Nosubmission
182,GULPIN_clean_min_charges,0_0.08,100,ethene,,,,Nosubmission
183,GULPIN_clean_min_charges,0_0.08,1000,ethene,,,,Nosubmission
184,GULPIN_clean_min_charges,0_0.08,5000,ethene,,,,Nosubmission
185,GULPIN_clean_min_charges,0_0.08,10000,ethene,,,,Nosubmission
186,GULPIN_clean_min_charges,0_0.08,25000,ethene,,,,Nosubmission
187,GULPIN_clean_min_charges,0_0.08,50000,ethene,,,,Nosubmission
188,GULPIN_clean_min_charges,0_0.08,66700,ethene,,,,Nosubmission
189,GULPIN_clean_min_charges,0_0.08,75000,ethene,,,,Nosubmission
190,GULPIN_clean_min_charges,0_0.08,100000,ethene,,,,Nosubmission
191,GULPIN_clean_min_charges,0_0.08,250000,ethene,,,,Nosubmission
192,GULPIN_clean_min_charges,0_0.08,500000,ethene,,,,Nosubmission
193,GULPIN_clean_min_charges,0_0.08,750000,ethene,,,,Nosubmission
194,GULPIN_clean_min_charges,0_0.08,1000000,ethene,,,,Nosubmission
195,GULPIN_clean_min_charges,0_0.08,1,ethane,,,,Nosubmission
196,GULPIN_clean_min_charges,0_0.08,10,ethane,,,,Nosubmission
197,GULPIN_clean_min_charges,0_0.08,100,ethane,,,,Nosubmission
198,GULPIN_clean_min_charges,0_0.08,1000,ethane,,,,Nosubmission
199,GULPIN_clean_min_charges,0_0.08,5000,ethane,,,,Nosubmission
200,GULPIN_clean_min_charges,0_0.08,10000,ethane,,,,Nosubmission
201,GULPIN_clean_min_charges,0_0.08,25000,ethane,,,,Nosubmission
202,GULPIN_clean_min_charges,0_0.08,50000,ethane,,,,Nosubmission
203,GULPIN_clean_min_charges,0_0.08,66700,ethane,,,,Nosubmission
204,GULPIN_clean_min_charges,0_0.08,75000,ethane,,,,Nosubmission
205,GULPIN_clean_min_charges,0_0.08,100000,ethane,,,,Nosubmission
206,GULPIN_clean_min_charges,0_0.08,250000,ethane,,,,Nosubmission
207,GULPIN_clean_min_charges,0_0.08,500000,ethane,,,,Nosubmission
208,GULPIN_clean_min_charges,0_0.08,750000,ethane,,,,Nosubmission
209,GULPIN_clean_min_charges,0_0.08,1000000,ethane,,,,Nosubmission
210,AVIMOI_clean_min_charges,0_0.12,1,ethene,0.0001269869,9.8684e-06,-28.70334,finished
211,AVIMOI_clean_min_charges,0_0.12,10,ethene,0.0012968043,2.83906e-05,-28.58828,finished
212,AVIMOI_clean_min_charges,0_0.12,100,ethene,0.0128988832,0.0001275338,-28.60258,finished
213,AVIMOI_clean_min_charges,0_0.12,1000,ethene,0.1209979653,0.0007280905,-28.59811,finished
214,AVIMOI_clean_min_charges,0_0.12,5000,ethene,0.4866781807,0.002018884,-28.46678,finished
215,AVIMOI_clean_min_charges,0_0.12,10000,ethene,0.7781645833,0.0078020171,-28.40492,finished
216,AVIMOI_clean_min_charges,0_0.12,25000,ethene,1.1991515749,0.0032692527,-28.32735,finished
217,AVIMOI_clean_min_charges,0_0.12,50000,ethene,1.5129000696,0.0047784846,-28.26774,finished
218,AVIMOI_clean_min_charges,0_0.12,66700,ethene,1.6243354458,0.0034965691,-28.378,finished
219,AVIMOI_clean_min_charges,0_0.12,75000,ethene,1.6734920341,0.0021490704,-28.4059,finished
220,AVIMOI_clean_min_charges,0_0.12,100000,ethene,1.7734316454,0.0045567052,-28.51096,finished
221,AVIMOI_clean_min_charges,0_0.12,250000,ethene,2.0253405747,0.006083801,-28.50443,finished
222,AVIMOI_clean_min_charges,0_0.12,500000,ethene,2.1572120677,0.0022340184,-28.27232,finished
223,AVIMOI_clean_min_charges,0_0.12,750000,ethene,2.2060342903,0.0038021119,-28.10187,finished
224,AVIMOI_clean_min_charges,0_0.12,1000000,ethene,2.2287219619,0.0095722936,-27.84045,finished
225,AVIMOI_clean_min_charges,0_0.12,1,ethane,0.0005832606,1.87377e-05,-33.78381,finished
226,AVIMOI_clean_min_charges,0_0.12,10,ethane,0.0058806026,0.0001083114,-33.75396,finished
227,AVIMOI_clean_min_charges,0_0.12,100,ethane,0.0571544901,0.0004461748,-33.75144,finished
228,AVIMOI_clean_min_charges,0_0.12,1000,ethane,0.4517597446,0.0033491044,-33.65054,finished
229,AVIMOI_clean_min_charges,0_0.12,5000,ethane,1.124563303,0.0049969565,-33.1958,finished
230,AVIMOI_clean_min_charges,0_0.12,10000,ethane,1.4118708004,0.0035862124,-33.14122,finished
231,AVIMOI_clean_min_charges,0_0.12,25000,ethane,1.7205319429,0.0060983871,-33.23725,finished
232,AVIMOI_clean_min_charges,0_0.12,50000,ethane,1.9003868151,0.00746457,-33.7266,finished
233,AVIMOI_clean_min_charges,0_0.12,66700,ethane,1.9669536113,0.0087024513,-33.70102,finished
234,AVIMOI_clean_min_charges,0_0.12,75000,ethane,1.9881687588,0.0099798774,-33.45148,finished
235,AVIMOI_clean_min_charges,0_0.12,100000,ethane,2.0404283501,0.0067393421,-33.73836,finished
236,AVIMOI_clean_min_charges,0_0.12,250000,ethane,2.1838070847,0.0048406561,-33.68646,finished
237,AVIMOI_clean_min_charges,0_0.12,500000,ethane,2.2407523168,0.0062850439,-33.55562,finished
238,AVIMOI_clean_min_charges,0_0.12,750000,ethane,2.261957598,0.0067502028,-33.02097,finished
239,AVIMOI_clean_min_charges,0_0.12,1000000,ethane,2.2602250025,0.0076460592,-31.93894,finished
240,AVIMOI_clean_min_charges,0_0.06,1,ethene,,,,Nosubmission
241,AVIMOI_clean_min_charges,0_0.06,10,ethene,,,,Nosubmission
242,AVIMOI_clean_min_charges,0_0.06,100,ethene,,,,Nosubmission
243,AVIMOI_clean_min_charges,0_0.06,1000,ethene,,,,Nosubmission
244,AVIMOI_clean_min_charges,0_0.06,5000,ethene,,,,Nosubmission
245,AVIMOI_clean_min_charges,0_0.06,10000,ethene,,,,Nosubmission
246,AVIMOI_clean_min_charges,0_0.06,25000,ethene,,,,Nosubmission
247,AVIMOI_clean_min_charges,0_0.06,50000,ethene,,,,Nosubmission
248,AVIMOI_clean_min_charges,0_0.06,66700,ethene,,,,Nosubmission
249,AVIMOI_clean_min_charges,0_0.06,75000,ethene,,,,Nosubmission
250,AVIMOI_clean_min_charges,0_0.06,100000,ethene,,,,Nosubmission
251,AVIMOI_clean_min_charges,0_0.06,250000,ethene,,,,Nosubmission
252,AVIMOI_clean_min_charges,0_0.06,500000,ethene,,,,Nosubmission
253,AVIMOI_clean_min_charges,0_0.06,750000,ethene,,,,Nosubmission
254,AVIMOI_clean_min_charges,0_0.06,1000000,ethene,,,,Nosubmission
255,AVIMOI_clean_min_charges,0_0.06,1,ethane,,,,Nosubmission
256,AVIMOI_clean_min_charges,0_0.06,10,ethane,,,,Nosubmission
257,AVIMOI_clean_min_charges,0_0.06,100,ethane,,,,Nosubmission
258,AVIMOI_clean_min_charges,0_0.06,1000,ethane,,,,Nosubmission
259,AVIMOI_clean_min_charges,0_0.06,5000,ethane,,,,Nosubmission
260,AVIMOI_clean_min_charges,0_0.06,10000,ethane,,,,Nosubmission
261,AVIMOI_clean_min_charges,0_0.06,25000,ethane,,,,Nosubmission
262,AVIMOI_clean_min_charges,0_0.06,50000,ethane,,,,Nosubmission
263,AVIMOI_clean_min_charges,0_0.06,66700,ethane,,,,Nosubmission
264,AVIMOI_clean_min_charges,0_0.06,75000,ethane,,,,Nosubmission
265,AVIMOI_clean_min_charges,0_0.06,100000,ethane,,,,Nosubmission
266,AVIMOI_clean_min_charges,0_0.06,250000,ethane,,,,Nosubmission
267,AVIMOI_clean_min_charges,0_0.06,500000,ethane,,,,Nosubmission
268,AVIMOI_clean_min_charges,0_0.06,750000,ethane,,,,Nosubmission
269,AVIMOI_clean_min_charges,0_0.06,1000000,ethane,,,,Nosubmission
270,CUNWEO_clean_min_charges,0_0.03,1,ethene,,,,Nosubmission
271,CUNWEO_clean_min_charges,0_0.03,10,ethene,,,,Nosubmission
272,CUNWEO_clean_min_charges,0_0.03,100,ethene,,,,Nosubmission
273,CUNWEO_clean_min_charges,0_0.03,1000,ethene,,,,Nosubmission
274,CUNWEO_clean_min_charges,0_0.03,5000,ethene,,,,Nosubmission
275,CUNWEO_clean_min_charges,0_0.03,10000,ethene,,,,Nosubmission
276,CUNWEO_clean_min_charges,0_0.03,25000,ethene,,,,Nosubmission
277,CUNWEO_clean_min_charges,0_0.03,50000,ethene,,,,Nosubmission
278,CUNWEO_clean_min_charges,0_0.03,66700,ethene,,,,Nosubmission
279,CUNWEO_clean_min_charges,0_0.03,75000,ethene,,,,Nosubmission
280,CUNWEO_clean_min_charges,0_0.03,100000,ethene,,,,Nosubmission
281,CUNWEO_clean_min_charges,0_0.03,250000,ethene,,,,Nosubmission
282,CUNWEO_clean_min_charges,0_0.03,500000,ethene,,,,Nosubmission
283,CUNWEO_clean_min_charges,0_0.03,750000,ethene,,,,Nosubmission
284,CUNWEO_clean_min_charges,0_0.03,1000000,ethene,,,,Nosubmission
285,CUNWEO_clean_min_charges,0_0.03,1,ethane,,,,Nosubmission
286,CUNWEO_clean_min_charges,0_0.03,10,ethane,,,,Nosubmission
287,CUNWEO_clean_min_charges,0_0.03,100,ethane,,,,Nosubmission
288,CUNWEO_clean_min_charges,0_0.03,1000,ethane,,,,Nosubmission
289,CUNWEO_clean_min_charges,0_0.03,5000,ethane,,,,Nosubmission
290,CUNWEO_clean_min_charges,0_0.03,10000,ethane,,,,Nosubmission
291,CUNWEO_clean_min_charges,0_0.03,25000,ethane,,,,Nosubmission
292,CUNWEO_clean_min_charges,0_0.03,50000,ethane,,,,Nosubmission
293,CUNWEO_clean_min_charges,0_0.03,66700,ethane,,,,Nosubmission
294,CUNWEO_clean_min_charges,0_0.03,75000,ethane,,,,Nosubmission
295,CUNWEO_clean_min_charges,0_0.03,100000,ethane,,,,Nosubmission
296,CUNWEO_clean_min_charges,0_0.03,250000,ethane,,,,Nosubmission
297,CUNWEO_clean_min_charges,0_0.03,500000,ethane,,,,Nosubmission
298,CUNWEO_clean_min_charges,0_0.03,750000,ethane,,,,Nosubmission
299,CUNWEO_clean_min_charges,0_0.03,1000000,ethane,,,,Nosubmission
300,CUNWEO_clean_min_charges,0_0.06,1,ethene,,,,Nosubmission
301,CUNWEO_clean_min_charges,0_0.06,10,ethene,,,,Nosubmission
302,CUNWEO_clean_min_charges,0_0.06,100,ethene,,,,Nosubmission
303,CUNWEO_clean_min_charges,0_0.06,1000,ethene,,,,Nosubmission
304,CUNWEO_clean_min_charges,0_0.06,5000,ethene,,,,Nosubmission
305,CUNWEO_clean_min_charges,0_0.06,10000,ethene,,,,Nosubmission
306,CUNWEO_clean_min_charges,0_0.06,25000,ethene,,,,Nosubmission
307,CUNWEO_clean_min_charges,0_0.06,50000,ethene,,,,Nosubmission
308,CUNWEO_clean_min_charges,0_0.06,66700,ethene,,,,Nosubmission
309,CUNWEO_clean_min_charges,0_0.06,75000,ethene,,,,Nosubmission
310,CUNWEO_clean_min_charges,0_0.06,100000,ethene,,,,Nosubmission
311,CUNWEO_clean_min_charges,0_0.06,250000,ethene,,,,Nosubmission
312,CUNWEO_clean_min_charges,0_0.06,500000,ethene,,,,Nosubmission
313,CUNWEO_clean_min_charges,0_0.06,750000,ethene,,,,Nosubmission
314,CUNWEO_clean_min_charges,0_0.06,1000000,ethene,,,,Nosubmission
315,CUNWEO_clean_min_charges,0_0.06,1,ethane,,,,Nosubmission
316,CUNWEO_clean_min_charges,0_0.06,10,ethane,,,,Nosubmission
317,CUNWEO_clean_min_charges,0_0.06,100,ethane,,,,Nosubmission
318,CUNWEO_clean_min_charges,0_0.06,1000,ethane,,,,Nosubmission
319,CUNWEO_clean_min_charges,0_0.06,5000,ethane,,,,Nosubmission
320,CUNWEO_clean_min_charges,0_0.06,10000,ethane,,,,Nosubmission
321,CUNWEO_clean_min_charges,0_0.06,25000,ethane,,,,Nosubmission
322,CUNWEO_clean_min_charges,0_0.06,50000,ethane,,,,Nosubmission
323,CUNWEO_clean_min_charges,0_0.06,66700,ethane,,,,Nosubmission
324,CUNWEO_clean_min_charges,0_0.06,75000,ethane,,,,Nosubmission
325,CUNWEO_clean_min_charges,0_0.06,100000,ethane,,,,Nosubmission
326,CUNWEO_clean_min_charges,0_0.06,250000,ethane,,,,Nosubmission
327,CUNWEO_clean_min_charges,0_0.06,500000,ethane,,,,Nosubmission
328,CUNWEO_clean_min_charges,0_0.06,750000,ethane,,,,Nosubmission
329,CUNWEO_clean_min_charges,0_0.06,1000000,ethane,,,,Nosubmission
330,BENXUP_clean_min_charges,0_0.03,1,ethene,2.8144e-06,9.877e-07,-25.4195,finished
331,BENXUP_clean_min_charges,0_0.03,10,ethene,3.02266e-05,3.0976e-06,-25.808,finished
332,BENXUP_clean_min_charges,0_0.03,100,ethene,0.0003123805,1.20803e-05,-25.81867,finished
333,BENXUP_clean_min_charges,0_0.03,1000,ethene,0.0030925651,3.64586e-05,-25.85743,finished
334,BENXUP_clean_min_charges,0_0.03,5000,ethene,0.014939769,0.0001651198,-25.83605,finished
335,BENXUP_clean_min_charges,0_0.03,10000,ethene,0.0289253574,0.0004171424,-25.77012,finished
336,BENXUP_clean_min_charges,0_0.03,25000,ethene,0.0673405212,0.001115588,-25.6307,finished
337,BENXUP_clean_min_charges,0_0.03,50000,ethene,0.1240484874,0.0015226543,-25.54091,finished
338,BENXUP_clean_min_charges,0_0.03,66700,ethene,0.1573072965,0.0014775321,-25.39634,finished
339,BENXUP_clean_min_charges,0_0.03,75000,ethene,0.1721647559,0.002172874,-25.46799,finished
340,BENXUP_clean_min_charges,0_0.03,100000,ethene,0.2147942853,0.002725942,-25.31572,finished
341,BENXUP_clean_min_charges,0_0.03,250000,ethene,0.4284682335,0.003507657,-25.2379,finished
342,BENXUP_clean_min_charges,0_0.03,500000,ethene,0.7053038996,0.0118136446,-25.34653,finished
343,BENXUP_clean_min_charges,0_0.03,750000,ethene,0.9520496399,0.011864552,-25.50975,finished
344,BENXUP_clean_min_charges,0_0.03,1000000,ethene,1.1526204663,0.0157139564,-25.67815,finished
345,BENXUP_clean_min_charges,0_0.03,1,ethane,5.6405e-06,8.973e-07,-30.412,finished
346,BENXUP_clean_min_charges,0_0.03,10,ethane,5.57601e-05,4.4312e-06,-30.20711,finished
347,BENXUP_clean_min_charges,0_0.03,100,ethane,0.0005573533,2.03299e-05,-30.24739,finished
348,BENXUP_clean_min_charges,0_0.03,1000,ethane,0.005520973,4.24485e-05,-30.2297,finished
349,BENXUP_clean_min_charges,0_0.03,5000,ethane,0.0255620867,0.0007174453,-30.09722,finished
350,BENXUP_clean_min_charges,0_0.03,10000,ethane,0.0459367326,0.0004674824,-29.99064,finished
351,BENXUP_clean_min_charges,0_0.03,25000,ethane,0.0922764378,0.0018115077,-29.54812,finished
352,BENXUP_clean_min_charges,0_0.03,50000,ethane,0.1374632799,0.0012810392,-28.80317,finished
353,BENXUP_clean_min_charges,0_0.03,66700,ethane,0.1599889045,0.0027743536,-28.2376,finished
354,BENXUP_clean_min_charges,0_0.03,75000,ethane,0.1682171047,0.0026138686,-28.0899,finished
355,BENXUP_clean_min_charges,0_0.03,100000,ethane,0.1904601681,0.0016710232,-27.37684,finished
356,BENXUP_clean_min_charges,0_0.03,250000,ethane,0.2813270159,0.0044463152,-25.98277,finished
357,BENXUP_clean_min_charges,0_0.03,500000,ethane,0.3947086088,0.004368777,-25.57627,finished
358,BENXUP_clean_min_charges,0_0.03,750000,ethane,0.48949294,0.0051521463,-25.62233,finished
359,BENXUP_clean_min_charges,0_0.03,1000000,ethane,0.592212166,0.0120674497,-25.63237,finished
360,BENXUP_clean_min_charges,0_0.06,1,ethene,-7.4e-09,0.0,,finished
361,BENXUP_clean_min_charges,0_0.06,10,ethene,7.73e-08,2.8e-07,,finished
362,BENXUP_clean_min_charges,0_0.06,100,ethene,1.0757e-06,1.2792e-06,-25.03567,finished
363,BENXUP_clean_min_charges,0_0.06,1000,ethene,1.17146e-05,4.9014e-06,-24.57175,finished
364,BENXUP_clean_min_charges,0_0.06,5000,ethene,6.19422e-05,9.1596e-06,-24.41231,finished
365,BENXUP_clean_min_charges,0_0.06,10000,ethene,0.0001328364,3.44185e-05,-24.50264,finished
366,BENXUP_clean_min_charges,0_0.06,25000,ethene,0.0003141108,7.09754e-05,-24.37397,finished
367,BENXUP_clean_min_charges,0_0.06,50000,ethene,0.0005824888,6.37671e-05,-24.488,finished
368,BENXUP_clean_min_charges,0_0.06,66700,ethene,0.0007892299,8.68282e-05,-24.37697,finished
369,BENXUP_clean_min_charges,0_0.06,75000,ethene,0.0008069454,9.80213e-05,-24.31139,finished
370,BENXUP_clean_min_charges,0_0.06,100000,ethene,0.001115913,7.10013e-05,-24.40878,finished
371,BENXUP_clean_min_charges,0_0.06,250000,ethene,0.0027413172,0.0003482346,-24.32225,finished
372,BENXUP_clean_min_charges,0_0.06,500000,ethene,0.0052008663,0.001016787,-24.43559,finished
373,BENXUP_clean_min_charges,0_0.06,750000,ethene,0.0068298495,0.0017655669,-24.29731,finished
374,BENXUP_clean_min_charges,0_0.06,1000000,ethene,0.008606117,0.0012653712,-24.35824,finished
375,BENXUP_clean_min_charges,0_0.06,1,ethane,4.31e-08,1.4e-07,,finished
376,BENXUP_clean_min_charges,0_0.06,10,ethane,2.73e-08,1.714e-07,,finished
377,BENXUP_clean_min_charges,0_0.06,100,ethane,-2.96e-08,2.619e-07,-25.5465,finished
378,BENXUP_clean_min_charges,0_0.06,1000,ethane,-4.986e-07,1.8036e-06,-24.64001,finished
379,BENXUP_clean_min_charges,0_0.06,5000,ethane,-3.874e-07,8.4994e-06,-24.36444,finished
380,BENXUP_clean_min_charges,0_0.06,10000,ethane,-7.8653e-06,1.70692e-05,-24.24511,finished
381,BENXUP_clean_min_charges,0_0.06,25000,ethane,-1.85327e-05,3.60759e-05,-24.22145,finished
382,BENXUP_clean_min_charges,0_0.06,50000,ethane,-2.642e-06,7.50773e-05,-24.28403,finished
383,BENXUP_clean_min_charges,0_0.06,66700,ethane,-4.2585e-05,8.74358e-05,-24.23092,finished
384,BENXUP_clean_min_charges,0_0.06,75000,ethane,-3.95227e-05,8.48942e-05,-24.1771,finished
385,BENXUP_clean_min_charges,0_0.06,100000,ethane,-3.71032e-05,7.17148e-05,-24.36379,finished
386,BENXUP_clean_min_charges,0_0.06,250000,ethane,-0.0002840556,0.0001522067,-24.47449,finished
387,BENXUP_clean_min_charges,0_0.06,500000,ethane,-0.0001482481,0.0002373274,-24.5356,finished
388,BENXUP_clean_min_charges,0_0.06,750000,ethane,-0.0010937539,0.0003737287,-24.42206,finished
389,BENXUP_clean_min_charges,0_0.06,1000000,ethane,-0.0016958723,0.0003464947,-24.51496,finished
390,BONWIL_clean_min_charges,0_0.01,1,ethene,-1.61e-08,0.0,,finished
391,BONWIL_clean_min_charges,0_0.01,10,ethene,-4.67e-08,1.948e-07,,finished
392,BONWIL_clean_min_charges,0_0.01,100,ethene,1.5963e-06,1.3166e-06,-19.25205,finished
393,BONWIL_clean_min_charges,0_0.01,1000,ethene,1.4759e-05,6.1991e-06,-18.88264,finished
394,BONWIL_clean_min_charges,0_0.01,5000,ethene,7.33729e-05,9.2405e-06,-19.02675,finished
395,BONWIL_clean_min_charges,0_0.01,10000,ethene,0.0001421665,2.04478e-05,-19.01764,finished
396,BONWIL_clean_min_charges,0_0.01,25000,ethene,0.0003459988,2.23396e-05,-18.98816,finished
397,BONWIL_clean_min_charges,0_0.01,50000,ethene,0.0007023779,7.19363e-05,-19.0229,finished
398,BONWIL_clean_min_charges,0_0.01,66700,ethene,0.000932653,5.40848e-05,-19.07416,finished
399,BONWIL_clean_min_charges,0_0.01,75000,ethene,0.0010260338,7.60427e-05,-19.05228,finished
400,BONWIL_clean_min_charges,0_0.01,100000,ethene,0.0014228024,0.0001702006,-19.09609,finished
401,BONWIL_clean_min_charges,0_0.01,250000,ethene,0.0032270418,0.0001040699,-19.06923,finished
402,BONWIL_clean_min_charges,0_0.01,500000,ethene,0.0059709205,0.0002714302,-19.02147,finished
403,BONWIL_clean_min_charges,0_0.01,750000,ethene,0.0082564749,0.0006491141,-19.04545,finished
404,BONWIL_clean_min_charges,0_0.01,1000000,ethene,0.0101280994,0.0009352072,-19.05032,finished
405,BONWIL_clean_min_charges,0_0.01,1,ethane,-1.61e-08,0.0,,finished
406,BONWIL_clean_min_charges,0_0.01,10,ethane,-1.042e-07,1.591e-07,,finished
407,BONWIL_clean_min_charges,0_0.01,100,ethane,-8.124e-07,2.976e-07,-18.78533,finished
408,BONWIL_clean_min_charges,0_0.01,1000,ethane,-6.0049e-06,7.376e-07,-18.93931,finished
409,BONWIL_clean_min_charges,0_0.01,5000,ethane,-2.59828e-05,2.2694e-06,-19.07243,finished
410,BONWIL_clean_min_charges,0_0.01,10000,ethane,-5.02566e-05,7.8766e-06,-19.08909,finished
411,BONWIL_clean_min_charges,0_0.01,25000,ethane,-0.0001171803,1.63658e-05,-19.04017,finished
412,BONWIL_clean_min_charges,0_0.01,50000,ethane,-0.0002623637,4.29134e-05,-18.94413,finished
413,BONWIL_clean_min_charges,0_0.01,66700,ethane,-0.0003390255,3.63639e-05,-19.05896,finished
414,BONWIL_clean_min_charges,0_0.01,75000,ethane,-0.0003892629,3.53923e-05,-18.96673,finished
415,BONWIL_clean_min_charges,0_0.01,100000,ethane,-0.0005204728,9.2075e-05,-19.01274,finished
416,BONWIL_clean_min_charges,0_0.01,250000,ethane,-0.0013288325,0.0002701429,-18.96172,finished
417,BONWIL_clean_min_charges,0_0.01,500000,ethane,-0.0030925474,0.0001711323,-18.99219,finished
418,BONWIL_clean_min_charges,0_0.01,750000,ethane,-0.0050096402,0.0005089105,-19.02088,finished
419,BONWIL_clean_min_charges,0_0.01,1000000,ethane,-0.007185578,0.0002174058,-19.08058,finished
420,BONWIL_clean_min_charges,0_0.03,1,ethene,-1.05e-08,0.0,,finished
421,BONWIL_clean_min_charges,0_0.03,10,ethene,-4.73e-08,1.602e-07,,finished
422,BONWIL_clean_min_charges,0_0.03,100,ethene,-9.924e-07,1.602e-07,,finished
423,BONWIL_clean_min_charges,0_0.03,1000,ethene,-1.02705e-05,3.924e-07,,finished
424,BONWIL_clean_min_charges,0_0.03,5000,ethene,-5.14813e-05,1.032e-06,,finished
425,BONWIL_clean_min_charges,0_0.03,10000,ethene,-0.000103285,1.7622e-06,-10.64271,finished
426,BONWIL_clean_min_charges,0_0.03,25000,ethene,-0.0002587849,2.098e-06,-11.64912,finished
427,BONWIL_clean_min_charges,0_0.03,50000,ethene,-0.0005183652,2.1041e-06,-11.29007,finished
428,BONWIL_clean_min_charges,0_0.03,66700,ethene,-0.0006924025,2.4741e-06,-10.98285,finished
429,BONWIL_clean_min_charges,0_0.03,75000,ethene,-0.0007792661,1.9784e-06,-11.29577,finished
430,BONWIL_clean_min_charges,0_0.03,100000,ethene,-0.0010404547,4.1001e-06,-11.31289,finished
431,BONWIL_clean_min_charges,0_0.03,250000,ethene,-0.0026282183,4.3697e-06,-11.05843,finished
432,BONWIL_clean_min_charges,0_0.03,500000,ethene,-0.0053506653,1.1703e-05,-10.88846,finished
433,BONWIL_clean_min_charges,0_0.03,750000,ethene,-0.0081718847,1.54577e-05,-11.11038,finished
434,BONWIL_clean_min_charges,0_0.03,1000000,ethene,-0.0111011563,1.04027e-05,-11.0702,finished
435,BONWIL_clean_min_charges,0_0.03,1,ethane,-1.04e-08,0.0,,finished
436,BONWIL_clean_min_charges,0_0.03,10,ethane,-1.044e-07,0.0,,finished
437,BONWIL_clean_min_charges,0_0.03,100,ethane,-1.0437e-06,0.0,,finished
438,BONWIL_clean_min_charges,0_0.03,1000,ethane,-1.04383e-05,0.0,,finished
439,BONWIL_clean_min_charges,0_0.03,5000,ethane,-5.22088e-05,0.0,,finished
440,BONWIL_clean_min_charges,0_0.03,10000,ethane,-0.0001043457,1.962e-07,,finished
441,BONWIL_clean_min_charges,0_0.03,25000,ethane,-0.0002613654,1.962e-07,,finished
442,BONWIL_clean_min_charges,0_0.03,50000,ethane,-0.0005236563,4.806e-07,,finished
443,BONWIL_clean_min_charges,0_0.03,66700,ethane,-0.0006995035,6.702e-07,,finished
444,BONWIL_clean_min_charges,0_0.03,75000,ethane,-0.0007871717,6.702e-07,,finished
445,BONWIL_clean_min_charges,0_0.03,100000,ethane,-0.0010516334,9.272e-07,,finished
446,BONWIL_clean_min_charges,0_0.03,250000,ethane,-0.002662815,1.1214e-06,-8.26722,finished
447,BONWIL_clean_min_charges,0_0.03,500000,ethane,-0.0054453147,1.7067e-06,-8.41264,finished
448,BONWIL_clean_min_charges,0_0.03,750000,ethane,-0.0083617443,1.6533e-06,-8.39549,finished
449,BONWIL_clean_min_charges,0_0.03,1000000,ethane,-0.011425975,1.9686e-06,-8.12417,finished
450,BONWIL_clean_min_charges,0_0.06,1,ethene,,,,Nosubmission
451,BONWIL_clean_min_charges,0_0.06,10,ethene,,,,Nosubmission
452,BONWIL_clean_min_charges,0_0.06,100,ethene,,,,Nosubmission
453,BONWIL_clean_min_charges,0_0.06,1000,ethene,,,,Nosubmission
454,BONWIL_clean_min_charges,0_0.06,5000,ethene,,,,Nosubmission
455,BONWIL_clean_min_charges,0_0.06,10000,ethene,,,,Nosubmission
456,BONWIL_clean_min_charges,0_0.06,25000,ethene,,,,Nosubmission
457,BONWIL_clean_min_charges,0_0.06,50000,ethene,,,,Nosubmission
458,BONWIL_clean_min_charges,0_0.06,66700,ethene,,,,Nosubmission
459,BONWIL_clean_min_charges,0_0.06,75000,ethene,,,,Nosubmission
460,BONWIL_clean_min_charges,0_0.06,100000,ethene,,,,Nosubmission
461,BONWIL_clean_min_charges,0_0.06,250000,ethene,,,,Nosubmission
462,BONWIL_clean_min_charges,0_0.06,500000,ethene,,,,Nosubmission
463,BONWIL_clean_min_charges,0_0.06,750000,ethene,,,,Nosubmission
464,BONWIL_clean_min_charges,0_0.06,1000000,ethene,,,,Nosubmission
465,BONWIL_clean_min_charges,0_0.06,1,ethane,,,,Nosubmission
466,BONWIL_clean_min_charges,0_0.06,10,ethane,,,,Nosubmission
467,BONWIL_clean_min_charges,0_0.06,100,ethane,,,,Nosubmission
468,BONWIL_clean_min_charges,0_0.06,1000,ethane,,,,Nosubmission
469,BONWIL_clean_min_charges,0_0.06,5000,ethane,,,,Nosubmission
470,BONWIL_clean_min_charges,0_0.06,10000,ethane,,,,Nosubmission
471,BONWIL_clean_min_charges,0_0.06,25000,ethane,,,,Nosubmission
472,BONWIL_clean_min_charges,0_0.06,50000,ethane,,,,Nosubmission
473,BONWIL_clean_min_charges,0_0.06,66700,ethane,,,,Nosubmission
474,BONWIL_clean_min_charges,0_0.06,75000,ethane,,,,Nosubmission
475,BONWIL_clean_min_charges,0_0.06,100000,ethane,,,,Nosubmission
476,BONWIL_clean_min_charges,0_0.06,250000,ethane,,,,Nosubmission
477,BONWIL_clean_min_charges,0_0.06,500000,ethane,,,,Nosubmission
478,BONWIL_clean_min_charges,0_0.06,750000,ethane,,,,Nosubmission
479,BONWIL_clean_min_charges,0_0.06,1000000,ethane,,,,Nosubmission
480,DAGDIZ_clean_min_charges,0_0.03,1,ethene,,,,Nosubmission
481,DAGDIZ_clean_min_charges,0_0.03,10,ethene,,,,Nosubmission
482,DAGDIZ_clean_min_charges,0_0.03,100,ethene,,,,Nosubmission
483,DAGDIZ_clean_min_charges,0_0.03,1000,ethene,,,,Nosubmission
484,DAGDIZ_clean_min_charges,0_0.03,5000,ethene,,,,Nosubmission
485,DAGDIZ_clean_min_charges,0_0.03,10000,ethene,,,,Nosubmission
486,DAGDIZ_clean_min_charges,0_0.03,25000,ethene,,,,Nosubmission
487,DAGDIZ_clean_min_charges,0_0.03,50000,ethene,,,,Nosubmission
488,DAGDIZ_clean_min_charges,0_0.03,66700,ethene,,,,Nosubmission
489,DAGDIZ_clean_min_charges,0_0.03,75000,ethene,,,,Nosubmission
490,DAGDIZ_clean_min_charges,0_0.03,100000,ethene,,,,Nosubmission
491,DAGDIZ_clean_min_charges,0_0.03,250000,ethene,,,,Nosubmission
492,DAGDIZ_clean_min_charges,0_0.03,500000,ethene,,,,Nosubmission
493,DAGDIZ_clean_min_charges,0_0.03,750000,ethene,,,,Nosubmission
494,DAGDIZ_clean_min_charges,0_0.03,1000000,ethene,,,,Nosubmission
495,DAGDIZ_clean_min_charges,0_0.03,1,ethane,,,,Nosubmission
496,DAGDIZ_clean_min_charges,0_0.03,10,ethane,,,,Nosubmission
497,DAGDIZ_clean_min_charges,0_0.03,100,ethane,,,,Nosubmission
498,DAGDIZ_clean_min_charges,0_0.03,1000,ethane,,,,Nosubmission
499,DAGDIZ_clean_min_charges,0_0.03,5000,ethane,,,,Nosubmission
500,DAGDIZ_clean_min_charges,0_0.03,10000,ethane,,,,Nosubmission
501,DAGDIZ_clean_min_charges,0_0.03,25000,ethane,,,,Nosubmission
502,DAGDIZ_clean_min_charges,0_0.03,50000,ethane,,,,Nosubmission
503,DAGDIZ_clean_min_charges,0_0.03,66700,ethane,,,,Nosubmission
504,DAGDIZ_clean_min_charges,0_0.03,75000,ethane,,,,Nosubmission
505,DAGDIZ_clean_min_charges,0_0.03,100000,ethane,,,,Nosubmission
506,DAGDIZ_clean_min_charges,0_0.03,250000,ethane,,,,Nosubmission
507,DAGDIZ_clean_min_charges,0_0.03,500000,ethane,,,,Nosubmission
508,DAGDIZ_clean_min_charges,0_0.03,750000,ethane,,,,Nosubmission
509,DAGDIZ_clean_min_charges,0_0.03,1000000,ethane,,,,Nosubmission
510,DAGDIZ_clean_min_charges,0_0.06,1,ethene,4.91657e-05,3.6327e-06,-23.20252,finished
511,DAGDIZ_clean_min_charges,0_0.06,10,ethene,0.0004689084,2.16056e-05,-23.23485,finished
512,DAGDIZ_clean_min_charges,0_0.06,100,ethene,0.0047636207,2.72642e-05,-23.21389,finished
513,DAGDIZ_clean_min_charges,0_0.06,1000,ethene,0.0461328474,0.0002121563,-23.28599,finished
514,DAGDIZ_clean_min_charges,0_0.06,5000,ethene,0.2085840688,0.0014473172,-23.54975,finished
515,DAGDIZ_clean_min_charges,0_0.06,10000,ethene,0.3656888773,0.0016306249,-23.73484,finished
516,DAGDIZ_clean_min_charges,0_0.06,25000,ethene,0.6669725153,0.001280653,-24.08953,finished
517,DAGDIZ_clean_min_charges,0_0.06,50000,ethene,0.9275784231,0.0024377787,-24.37732,finished
518,DAGDIZ_clean_min_charges,0_0.06,66700,ethene,1.0316209983,0.0023565485,-24.54861,finished
519,DAGDIZ_clean_min_charges,0_0.06,75000,ethene,1.0731799594,0.001510259,-24.61667,finished
520,DAGDIZ_clean_min_charges,0_0.06,100000,ethene,1.1665984221,0.00139583,-24.7319,finished
521,DAGDIZ_clean_min_charges,0_0.06,250000,ethene,1.4493043411,0.0021674953,-25.01542,finished
522,DAGDIZ_clean_min_charges,0_0.06,500000,ethene,1.6709499241,0.0048422377,-25.33761,finished
523,DAGDIZ_clean_min_charges,0_0.06,750000,ethene,1.8036982455,0.0054743138,-25.35193,finished
524,DAGDIZ_clean_min_charges,0_0.06,1000000,ethene,1.8920076092,0.0068270327,-25.46293,finished
525,DAGDIZ_clean_min_charges,0_0.06,1,ethane,0.0001899478,1.12795e-05,-27.35638,finished
526,DAGDIZ_clean_min_charges,0_0.06,10,ethane,0.0019060192,1.97727e-05,-27.36599,finished
527,DAGDIZ_clean_min_charges,0_0.06,100,ethane,0.0188364994,0.0001319518,-27.41288,finished
528,DAGDIZ_clean_min_charges,0_0.06,1000,ethane,0.1726765257,0.0012659503,-27.72111,finished
529,DAGDIZ_clean_min_charges,0_0.06,5000,ethane,0.5849671549,0.0022290081,-28.40276,finished
530,DAGDIZ_clean_min_charges,0_0.06,10000,ethane,0.8361487362,0.0031686373,-28.70337,finished
531,DAGDIZ_clean_min_charges,0_0.06,25000,ethane,1.1142733762,0.0018378308,-29.06845,finished
532,DAGDIZ_clean_min_charges,0_0.06,50000,ethane,1.2647149161,0.0009216448,-29.18834,finished
533,DAGDIZ_clean_min_charges,0_0.06,66700,ethane,1.3229856946,0.0019742274,-29.14353,finished
534,DAGDIZ_clean_min_charges,0_0.06,75000,ethane,1.3454356284,0.0033603635,-29.21536,finished
535,DAGDIZ_clean_min_charges,0_0.06,100000,ethane,1.3994426382,0.0033976106,-29.32055,finished
536,DAGDIZ_clean_min_charges,0_0.06,250000,ethane,1.6059084828,0.0038336472,-29.25869,finished
537,DAGDIZ_clean_min_charges,0_0.06,500000,ethane,1.8092026658,0.0042477669,-29.67156,finished
538,DAGDIZ_clean_min_charges,0_0.06,750000,ethane,1.9385985699,0.0089429603,-29.48002,finished
539,DAGDIZ_clean_min_charges,0_0.06,1000000,ethane,2.0176851565,0.0084072092,-29.71254,finished
540,GUYLUI_clean_min_charges,0_0.02,1,ethene,,,,Nosubmission
541,GUYLUI_clean_min_charges,0_0.02,10,ethene,,,,Nosubmission
542,GUYLUI_clean_min_charges,0_0.02,100,ethene,,,,Nosubmission
543,GUYLUI_clean_min_charges,0_0.02,1000,ethene,,,,Nosubmission
544,GUYLUI_clean_min_charges,0_0.02,5000,ethene,,,,Nosubmission
545,GUYLUI_clean_min_charges,0_0.02,10000,ethene,,,,Nosubmission
546,GUYLUI_clean_min_charges,0_0.02,25000,ethene,,,,Nosubmission
547,GUYLUI_clean_min_charges,0_0.02,50000,ethene,,,,Nosubmission
548,GUYLUI_clean_min_charges,0_0.02,66700,ethene,,,,Nosubmission
549,GUYLUI_clean_min_charges,0_0.02,75000,ethene,,,,Nosubmission
550,GUYLUI_clean_min_charges,0_0.02,100000,ethene,,,,Nosubmission
551,GUYLUI_clean_min_charges,0_0.02,250000,ethene,,,,Nosubmission
552,GUYLUI_clean_min_charges,0_0.02,500000,ethene,,,,Nosubmission
553,GUYLUI_clean_min_charges,0_0.02,750000,ethene,,,,Nosubmission
554,GUYLUI_clean_min_charges,0_0.02,1000000,ethene,,,,Nosubmission
555,GUYLUI_clean_min_charges,0_0.02,1,ethane,,,,Nosubmission
556,GUYLUI_clean_min_charges,0_0.02,10,ethane,,,,Nosubmission
557,GUYLUI_clean_min_charges,0_0.02,100,ethane,,,,Nosubmission
558,GUYLUI_clean_min_charges,0_0.02,1000,ethane,,,,Nosubmission
559,GUYLUI_clean_min_charges,0_0.02,5000,ethane,,,,Nosubmission
560,GUYLUI_clean_min_charges,0_0.02,10000,ethane,,,,Nosubmission
561,GUYLUI_clean_min_charges,0_0.02,25000,ethane,,,,Nosubmission
562,GUYLUI_clean_min_charges,0_0.02,50000,ethane,,,,Nosubmission
563,GUYLUI_clean_min_charges,0_0.02,66700,ethane,,,,Nosubmission
564,GUYLUI_clean_min_charges,0_0.02,75000,ethane,,,,Nosubmission
565,GUYLUI_clean_min_charges,0_0.02,100000,ethane,,,,Nosubmission
566,GUYLUI_clean_min_charges,0_0.02,250000,ethane,,,,Nosubmission
567,GUYLUI_clean_min_charges,0_0.02,500000,ethane,,,,Nosubmission
568,GUYLUI_clean_min_charges,0_0.02,750000,ethane,,,,Nosubmission
569,GUYLUI_clean_min_charges,0_0.02,1000000,ethane,,,,Nosubmission
570,GUYLUI_clean_min_charges,0_0.04,1,ethene,9.68557e-05,9.7046e-06,-30.30144,finished
571,GUYLUI_clean_min_charges,0_0.04,10,ethene,0.000998882,3.33314e-05,-30.2522,finished
572,GUYLUI_clean_min_charges,0_0.04,100,ethene,0.0098468705,0.0001413881,-30.20501,finished
573,GUYLUI_clean_min_charges,0_0.04,1000,ethene,0.0922185124,0.0005233546,-30.32758,finished
574,GUYLUI_clean_min_charges,0_0.04,5000,ethene,0.352257594,0.0032618383,-30.72712,finished
575,GUYLUI_clean_min_charges,0_0.04,10000,ethene,0.5417063614,0.0062658686,-30.99977,finished
576,GUYLUI_clean_min_charges,0_0.04,25000,ethene,0.802286592,0.0060252795,-31.31668,finished
577,GUYLUI_clean_min_charges,0_0.04,50000,ethene,0.9751204193,0.0050918799,-31.62697,finished
578,GUYLUI_clean_min_charges,0_0.04,66700,ethene,1.0408407361,0.0055636017,-31.81262,finished
579,GUYLUI_clean_min_charges,0_0.04,75000,ethene,1.0648900705,0.0086352355,-31.90252,finished
580,GUYLUI_clean_min_charges,0_0.04,100000,ethene,1.1220205197,0.0041064935,-31.68086,finished
581,GUYLUI_clean_min_charges,0_0.04,250000,ethene,1.2618534383,0.0018603951,-31.82324,finished
582,GUYLUI_clean_min_charges,0_0.04,500000,ethene,1.3285019414,0.0049480121,-31.50773,finished
583,GUYLUI_clean_min_charges,0_0.04,750000,ethene,1.3447034126,0.0078871842,-31.13918,finished
584,GUYLUI_clean_min_charges,0_0.04,1000000,ethene,1.3500685985,0.0071122519,-30.7151,finished
585,GUYLUI_clean_min_charges,0_0.04,1,ethane,0.0003636013,1.48707e-05,-34.75587,finished
586,GUYLUI_clean_min_charges,0_0.04,10,ethane,0.0036665009,6.27734e-05,-34.75869,finished
587,GUYLUI_clean_min_charges,0_0.04,100,ethane,0.0356060749,0.0002785032,-34.83274,finished
588,GUYLUI_clean_min_charges,0_0.04,1000,ethane,0.275381209,0.002552907,-35.22966,finished
589,GUYLUI_clean_min_charges,0_0.04,5000,ethane,0.6753195931,0.0015861574,-35.90374,finished
590,GUYLUI_clean_min_charges,0_0.04,10000,ethane,0.8378015112,0.0051590597,-36.01026,finished
591,GUYLUI_clean_min_charges,0_0.04,25000,ethane,1.0140273384,0.0053323717,-36.02898,finished
592,GUYLUI_clean_min_charges,0_0.04,50000,ethane,1.1225356399,0.0041148807,-35.94484,finished
593,GUYLUI_clean_min_charges,0_0.04,66700,ethane,1.1581804746,0.0045761259,-36.52191,finished
594,GUYLUI_clean_min_charges,0_0.04,75000,ethane,1.174467805,0.0040772291,-35.93521,finished
595,GUYLUI_clean_min_charges,0_0.04,100000,ethane,1.2039570565,0.0062690556,-36.13852,finished
596,GUYLUI_clean_min_charges,0_0.04,250000,ethane,1.2876003442,0.0027814442,-35.16228,finished
597,GUYLUI_clean_min_charges,0_0.04,500000,ethane,1.3249465986,0.0049750874,-35.96106,finished
598,GUYLUI_clean_min_charges,0_0.04,750000,ethane,1.3324746994,0.0052986866,-36.01431,finished
599,GUYLUI_clean_min_charges,0_0.04,1000000,ethane,1.3407231799,0.0044261782,-36.21825,finished
600,GUYLUI_clean_min_charges,0_0.08,1,ethene,0.0001104483,7.839e-06,-29.22497,finished
601,GUYLUI_clean_min_charges,0_0.08,10,ethene,0.0010532922,3.59436e-05,-29.10537,finished
602,GUYLUI_clean_min_charges,0_0.08,100,ethene,0.0104253456,0.0001267308,-29.12294,finished
603,GUYLUI_clean_min_charges,0_0.08,1000,ethene,0.0963234386,0.0007360716,-29.17174,finished
604,GUYLUI_clean_min_charges,0_0.08,5000,ethene,0.3649629608,0.0052119232,-29.44425,finished
605,GUYLUI_clean_min_charges,0_0.08,10000,ethene,0.558615132,0.0056654936,-29.62828,finished
606,GUYLUI_clean_min_charges,0_0.08,25000,ethene,0.8302476294,0.0025676494,-29.9758,finished
607,GUYLUI_clean_min_charges,0_0.08,50000,ethene,1.0182708508,0.0066265116,-30.25672,finished
608,GUYLUI_clean_min_charges,0_0.08,66700,ethene,1.0940873908,0.0027008323,-30.26523,finished
609,GUYLUI_clean_min_charges,0_0.08,75000,ethene,1.1201054708,0.0043412562,-30.32549,finished
610,GUYLUI_clean_min_charges,0_0.08,100000,ethene,1.1892634259,0.0050268967,-30.38193,finished
611,GUYLUI_clean_min_charges,0_0.08,250000,ethene,1.3804634293,0.0037548636,-30.20555,finished
612,GUYLUI_clean_min_charges,0_0.08,500000,ethene,1.4907869326,0.0032097962,-30.31874,finished
613,GUYLUI_clean_min_charges,0_0.08,750000,ethene,1.5457541391,0.0070449767,-30.03748,finished
614,GUYLUI_clean_min_charges,0_0.08,1000000,ethene,1.5808924683,0.0082118628,-29.84962,finished
615,GUYLUI_clean_min_charges,0_0.08,1,ethane,0.0004357759,1.11699e-05,-33.72081,finished
616,GUYLUI_clean_min_charges,0_0.08,10,ethane,0.0042131503,6.16463e-05,-33.75763,finished
617,GUYLUI_clean_min_charges,0_0.08,100,ethane,0.0409757233,0.0005316026,-33.77116,finished
618,GUYLUI_clean_min_charges,0_0.08,1000,ethane,0.3075539652,0.0026901424,-34.13351,finished
619,GUYLUI_clean_min_charges,0_0.08,5000,ethane,0.7231779703,0.0036206479,-34.81501,finished
620,GUYLUI_clean_min_charges,0_0.08,10000,ethane,0.8903283088,0.0048315386,-35.05031,finished
621,GUYLUI_clean_min_charges,0_0.08,25000,ethane,1.0802876771,0.0052138023,-35.24315,finished
622,GUYLUI_clean_min_charges,0_0.08,50000,ethane,1.2116420154,0.0023926371,-35.55408,finished
623,GUYLUI_clean_min_charges,0_0.08,66700,ethane,1.2536973575,0.0088056729,-35.41062,finished
624,GUYLUI_clean_min_charges,0_0.08,75000,ethane,1.2713918033,0.0085268375,-35.51471,finished
625,GUYLUI_clean_min_charges,0_0.08,100000,ethane,1.3200080926,0.0035352658,-35.52648,finished
626,GUYLUI_clean_min_charges,0_0.08,250000,ethane,1.4316956273,0.0084199805,-35.69857,finished
627,GUYLUI_clean_min_charges,0_0.08,500000,ethane,1.4905085988,0.0079898345,-35.78735,finished
628,GUYLUI_clean_min_charges,0_0.08,750000,ethane,1.5147529571,0.0068470146,-34.55494,finished
629,GUYLUI_clean_min_charges,0_0.08,1000000,ethane,1.5272061394,0.0055496325,-34.75811,finished
630,FIPXEJ_clean_min_charges,0_0.03,1,ethene,1.78477e-05,1.415e-06,-28.66258,finished
631,FIPXEJ_clean_min_charges,0_0.03,10,ethene,0.0001667148,9.8866e-06,-28.75817,finished
632,FIPXEJ_clean_min_charges,0_0.03,100,ethene,0.0016713257,2.09575e-05,-28.6675,finished
633,FIPXEJ_clean_min_charges,0_0.03,1000,ethene,0.0168125734,0.0003497077,-28.72392,finished
634,FIPXEJ_clean_min_charges,0_0.03,5000,ethene,0.081725646,0.0010805546,-28.79579,finished
635,FIPXEJ_clean_min_charges,0_0.03,10000,ethene,0.1574276,0.0016832489,-28.81065,finished
636,FIPXEJ_clean_min_charges,0_0.03,25000,ethene,0.3612908388,0.0043598105,-28.83029,finished
637,FIPXEJ_clean_min_charges,0_0.03,50000,ethene,0.6239340773,0.0066566501,-28.87815,finished
638,FIPXEJ_clean_min_charges,0_0.03,66700,ethene,0.7729795875,0.008282454,-28.91879,finished
639,FIPXEJ_clean_min_charges,0_0.03,75000,ethene,0.8449989847,0.0083658824,-28.95183,finished
640,FIPXEJ_clean_min_charges,0_0.03,100000,ethene,1.0239518198,0.0085432574,-28.91802,finished
641,FIPXEJ_clean_min_charges,0_0.03,250000,ethene,1.6695370715,0.0105384353,-28.78895,finished
642,FIPXEJ_clean_min_charges,0_0.03,500000,ethene,2.161942551,0.0084342125,-28.63108,finished
643,FIPXEJ_clean_min_charges,0_0.03,750000,ethene,2.4296865052,0.0048056124,-28.52144,finished
644,FIPXEJ_clean_min_charges,0_0.03,1000000,ethene,2.5858633856,0.0083998269,-28.55559,finished
645,FIPXEJ_clean_min_charges,0_0.03,1,ethane,3.46115e-05,3.6778e-06,-32.4113,finished
646,FIPXEJ_clean_min_charges,0_0.03,10,ethane,0.0003472689,1.41608e-05,-32.66871,finished
647,FIPXEJ_clean_min_charges,0_0.03,100,ethane,0.0034543307,7.66067e-05,-32.75952,finished
648,FIPXEJ_clean_min_charges,0_0.03,1000,ethane,0.0339327049,0.0009823311,-32.75752,finished
649,FIPXEJ_clean_min_charges,0_0.03,5000,ethane,0.1601176764,0.0042950308,-32.83098,finished
650,FIPXEJ_clean_min_charges,0_0.03,10000,ethane,0.2982873858,0.0067037679,-32.86233,finished
651,FIPXEJ_clean_min_charges,0_0.03,25000,ethane,0.6165698029,0.0105819271,-32.95873,finished
652,FIPXEJ_clean_min_charges,0_0.03,50000,ethane,0.9992348281,0.0096667326,-33.00394,finished
653,FIPXEJ_clean_min_charges,0_0.03,66700,ethane,1.1852740343,0.0123646795,-32.95888,finished
654,FIPXEJ_clean_min_charges,0_0.03,75000,ethane,1.2534597324,0.0148270581,-32.75729,finished
655,FIPXEJ_clean_min_charges,0_0.03,100000,ethane,1.4378154273,0.0150053462,-32.84041,finished
656,FIPXEJ_clean_min_charges,0_0.03,250000,ethane,2.0239591463,0.0066787898,-32.11033,finished
657,FIPXEJ_clean_min_charges,0_0.03,500000,ethane,2.4527189703,0.0082441592,-32.15062,finished
658,FIPXEJ_clean_min_charges,0_0.03,750000,ethane,2.672403829,0.0122150223,-31.77818,finished
659,FIPXEJ_clean_min_charges,0_0.03,1000000,ethane,2.7918994354,0.0102792451,-32.20417,finished
660,FIPXEJ_clean_min_charges,0_0.06,1,ethene,4.323e-07,1.905e-07,-27.24697,finished
661,FIPXEJ_clean_min_charges,0_0.06,10,ethene,4.4353e-06,1.467e-06,-26.38676,finished
662,FIPXEJ_clean_min_charges,0_0.06,100,ethene,4.05435e-05,5.2251e-06,-26.08373,finished
663,FIPXEJ_clean_min_charges,0_0.06,1000,ethene,0.000390869,3.03607e-05,-26.0998,finished
664,FIPXEJ_clean_min_charges,0_0.06,5000,ethene,0.0020425532,3.84789e-05,-26.11591,finished
665,FIPXEJ_clean_min_charges,0_0.06,10000,ethene,0.0039590142,0.000112962,-26.16037,finished
666,FIPXEJ_clean_min_charges,0_0.06,25000,ethene,0.0092699709,0.0004322438,-26.19622,finished
667,FIPXEJ_clean_min_charges,0_0.06,50000,ethene,0.0176126188,0.0009304345,-26.17257,finished
668,FIPXEJ_clean_min_charges,0_0.06,66700,ethene,0.0228866936,0.0008133259,-26.2161,finished
669,FIPXEJ_clean_min_charges,0_0.06,75000,ethene,0.0257473211,0.0007189663,-26.2303,finished
670,FIPXEJ_clean_min_charges,0_0.06,100000,ethene,0.0338340571,0.0006452016,-26.17472,finished
671,FIPXEJ_clean_min_charges,0_0.06,250000,ethene,0.0657153997,0.0007564836,-26.19668,finished
672,FIPXEJ_clean_min_charges,0_0.06,500000,ethene,0.0977925694,0.0014652572,-26.24225,finished
673,FIPXEJ_clean_min_charges,0_0.06,750000,ethene,0.1161405498,0.002927762,-26.19951,finished
674,FIPXEJ_clean_min_charges,0_0.06,1000000,ethene,0.1254947288,0.0014996163,-26.24139,finished
675,FIPXEJ_clean_min_charges,0_0.06,1,ethane,5.444e-07,8.155e-07,,finished
676,FIPXEJ_clean_min_charges,0_0.06,10,ethane,5.1635e-06,2.3965e-06,-29.33793,finished
677,FIPXEJ_clean_min_charges,0_0.06,100,ethane,5.60044e-05,3.5512e-06,-29.38752,finished
678,FIPXEJ_clean_min_charges,0_0.06,1000,ethane,0.0005784728,4.30169e-05,-29.60632,finished
679,FIPXEJ_clean_min_charges,0_0.06,5000,ethane,0.0029414657,9.62819e-05,-29.7658,finished
680,FIPXEJ_clean_min_charges,0_0.06,10000,ethane,0.0054961153,0.0003199366,-29.71687,finished
681,FIPXEJ_clean_min_charges,0_0.06,25000,ethane,0.0135352125,0.001282307,-29.67866,finished
682,FIPXEJ_clean_min_charges,0_0.06,50000,ethane,0.0242853808,0.0014029132,-29.62996,finished
683,FIPXEJ_clean_min_charges,0_0.06,66700,ethane,0.0315922514,0.0015392326,-29.63548,finished
684,FIPXEJ_clean_min_charges,0_0.06,75000,ethane,0.0340989794,0.0009976627,-29.61021,finished
685,FIPXEJ_clean_min_charges,0_0.06,100000,ethane,0.0445781701,0.0020552537,-29.6716,finished
686,FIPXEJ_clean_min_charges,0_0.06,250000,ethane,0.0814828727,0.0024326805,-29.68695,finished
687,FIPXEJ_clean_min_charges,0_0.06,500000,ethane,0.1129216296,0.0031452061,-29.82016,finished
688,FIPXEJ_clean_min_charges,0_0.06,750000,ethane,0.131265088,0.0058050575,-29.81507,finished
689,FIPXEJ_clean_min_charges,0_0.06,1000000,ethane,0.1416835946,0.0044952616,-29.69005,finished
